issue_id,university_code,institute_name,universities_raw,primary_layer,category,rca_group_category,issue_title,rca_description,solutioning_direction,status
ISS-001,Aurora,Aurora University,"Aurora, MRV, CDU",Learning Design Layer,Learning Platform,Platform Concurrency & IDE Reliability,"React: Cloud IDE - 5-30 min open times, npm install/submission slow, white screen on preview, 500/502 errors, submission failures, test case failures post routers, import failures, package.json issues","Learning Platform: Latency Issues: Identified latency is caused by pulling the IDE Docker image. The current image size is 1.5 GB, resulting in slow image download times during startup. Remote Server Issues: Rajesh X Evaluation Process Issues: 1. NodeJS deprecated methods are being used to test - util undefined. 2. If a user adds new packages to package.json, but the evaluation is performed using the default package.json that does not include those user-added dependencies, the application will encounter import errors because the required packages are not installed in the evaluation environment. Content Design/Development: No Specific Instructons about Precautions with IDE","One reliability program: provision and load-test every student-facing service at full-cohort concurrency (8,000 IDE instances target); slim images and pre-warm pools; fix evaluation pipeline defects; graceful error handling for AWS/pnpm/internal errors; per-campus health monitoring; resolve third-party rate limits (Kaggle shared IPs).",Pending
ISS-001,MRV,Malla Reddy Vishwavidyapeeth,"Aurora, MRV, CDU",Learning Design Layer,Learning Platform,Platform Concurrency & IDE Reliability,"React: Cloud IDE - 5-30 min open times, npm install/submission slow, white screen on preview, 500/502 errors, submission failures, test case failures post routers, import failures, package.json issues","Learning Platform: Latency Issues: Identified latency is caused by pulling the IDE Docker image. The current image size is 1.5 GB, resulting in slow image download times during startup. Remote Server Issues: Rajesh X Evaluation Process Issues: 1. NodeJS deprecated methods are being used to test - util undefined. 2. If a user adds new packages to package.json, but the evaluation is performed using the default package.json that does not include those user-added dependencies, the application will encounter import errors because the required packages are not installed in the evaluation environment. Content Design/Development: No Specific Instructons about Precautions with IDE","One reliability program: provision and load-test every student-facing service at full-cohort concurrency (8,000 IDE instances target); slim images and pre-warm pools; fix evaluation pipeline defects; graceful error handling for AWS/pnpm/internal errors; per-campus health monitoring; resolve third-party rate limits (Kaggle shared IPs).",Pending
ISS-001,CDU,Chaitanya Deemed-to-be University,"Aurora, MRV, CDU",Learning Design Layer,Learning Platform,Platform Concurrency & IDE Reliability,"React: Cloud IDE - 5-30 min open times, npm install/submission slow, white screen on preview, 500/502 errors, submission failures, test case failures post routers, import failures, package.json issues","Learning Platform: Latency Issues: Identified latency is caused by pulling the IDE Docker image. The current image size is 1.5 GB, resulting in slow image download times during startup. Remote Server Issues: Rajesh X Evaluation Process Issues: 1. NodeJS deprecated methods are being used to test - util undefined. 2. If a user adds new packages to package.json, but the evaluation is performed using the default package.json that does not include those user-added dependencies, the application will encounter import errors because the required packages are not installed in the evaluation environment. Content Design/Development: No Specific Instructons about Precautions with IDE","One reliability program: provision and load-test every student-facing service at full-cohort concurrency (8,000 IDE instances target); slim images and pre-warm pools; fix evaluation pipeline defects; graceful error handling for AWS/pnpm/internal errors; per-campus health monitoring; resolve third-party rate limits (Kaggle shared IPs).",Pending
ISS-002,Aurora,Aurora University,Aurora,Learning Design Layer,Learning Platform,Platform Concurrency & IDE Reliability,"GenAI: n8n IDE - workflows won't run, can't submit questions, loading/hang issues even on 12GB RAM machines; works on Edge","Product: Latency Issues: Have Support for running instances for X users Evaluation Process Issues: Rajesh Y Learning Design Issues: Scheduling Layer: Auora might have no slots left Curriculum/Content Design/Development Market Changes Very Fast: Composio, Rapid API, Gemini, Freepik n8n Node Deprecation / Pricing Changes, Some n8n nodes may get deprecated. Certain integrations (example: Twitter/X related nodes) may move to a paid model or change access policies. Existing workflows can break after updates.","One reliability program: provision and load-test every student-facing service at full-cohort concurrency (8,000 IDE instances target); slim images and pre-warm pools; fix evaluation pipeline defects; graceful error handling for AWS/pnpm/internal errors; per-campus health monitoring; resolve third-party rate limits (Kaggle shared IPs).",Pending
ISS-036,Aurora,Aurora University,Aurora,Learning Design Layer,Content&Curriculum,Platform Concurrency & IDE Reliability,GenAI: Kaggle inaccessible during hands-on; 3 shared IPs for 1300+ students,"Curriculum/Content Design/Development: This situation arises due to network-scale and rate-limiting on Kaggle, as multiple users are accessing the same notebook from a few shared IPs. It is an external limitation and not something the curriculum team can control Note: The current description lacks sufficient detail to identify the root cause. Please provide a more specific account of the issue, including the exact error message or a clear explanation of the blocker being encountered.","One reliability program: provision and load-test every student-facing service at full-cohort concurrency (8,000 IDE instances target); slim images and pre-warm pools; fix evaluation pipeline defects; graceful error handling for AWS/pnpm/internal errors; per-campus health monitoring; resolve third-party rate limits (Kaggle shared IPs).",Pending
ISS-037,MRV,Malla Reddy Vishwavidyapeeth,MRV,Learning Design Layer,Content&Curriculum,Platform Concurrency & IDE Reliability,GenAI: Using n8n website since portal playground won't load,"Embedded n8n playground fails to load at MRV; students self-route to n8n.com. No environment health checks per campus, so the team learns of outages from student workarounds.","One reliability program: provision and load-test every student-facing service at full-cohort concurrency (8,000 IDE instances target); slim images and pre-warm pools; fix evaluation pipeline defects; graceful error handling for AWS/pnpm/internal errors; per-campus health monitoring; resolve third-party rate limits (Kaggle shared IPs).",Pending
ISS-052,CDU,Chaitanya Deemed-to-be University,CDU,Learning Design Layer,Content&Curriculum,Platform Concurrency & IDE Reliability,English: Speaking bot errors under multi-user load,"Speaking bot backend (ASR/LLM pipeline) not provisioned for classroom-scale concurrency. Capacity planning assumed individual async usage, not 40+ simultaneous sessions.","One reliability program: provision and load-test every student-facing service at full-cohort concurrency (8,000 IDE instances target); slim images and pre-warm pools; fix evaluation pipeline defects; graceful error handling for AWS/pnpm/internal errors; per-campus health monitoring; resolve third-party rate limits (Kaggle shared IPs).",Pending
ISS-087,CDU,Chaitanya Deemed-to-be University,CDU,Learning Design - Learning Platform (Product),Learning Platform,Platform Concurrency & IDE Reliability,Classroom quiz glitches - students randomly thrown out,Session/state management instability in the quiz module under classroom load (simultaneous starts). No crash/session-drop telemetry per quiz event.,"One reliability program: provision and load-test every student-facing service at full-cohort concurrency (8,000 IDE instances target); slim images and pre-warm pools; fix evaluation pipeline defects; graceful error handling for AWS/pnpm/internal errors; per-campus health monitoring; resolve third-party rate limits (Kaggle shared IPs).",Pending
ISS-089,CDU,Chaitanya Deemed-to-be University,CDU,Learning Design - Learning Platform (Product),Learning Platform,Platform Concurrency & IDE Reliability,Module quiz throws server error under simultaneous load,"Quiz service not capacity-tested at full-classroom concurrency. Same systemic gap as React IDE and speaking bot: load planning assumes async individual usage, but NIAT usage is synchronized cohorts.","One reliability program: provision and load-test every student-facing service at full-cohort concurrency (8,000 IDE instances target); slim images and pre-warm pools; fix evaluation pipeline defects; graceful error handling for AWS/pnpm/internal errors; per-campus health monitoring; resolve third-party rate limits (Kaggle shared IPs).",Pending
ISS-090,CDU,Chaitanya Deemed-to-be University,CDU,Learning Design - Learning Platform (Product),Learning Platform,Platform Concurrency & IDE Reliability,Reading material won't open under heavy concurrent load,"Same synchronized-cohort concurrency gap, content-delivery side (CDN/origin not provisioned for spike loads).","One reliability program: provision and load-test every student-facing service at full-cohort concurrency (8,000 IDE instances target); slim images and pre-warm pools; fix evaluation pipeline defects; graceful error handling for AWS/pnpm/internal errors; per-campus health monitoring; resolve third-party rate limits (Kaggle shared IPs).",Pending
ISS-100,CDU,Chaitanya Deemed-to-be University,"CDU, Aurora",Learning Design - Learning Platform (Product),Learning Platform,Platform Concurrency & IDE Reliability,English NxtTalk: 30 sec-2 min voice delays; audio quality issues,"Voice pipeline (ASR-LLM-TTS) latency far beyond conversational threshold (~1-2 sec), likely from queueing under load plus unoptimized pipeline. Audio quality issues suggest no client-side audio diagnostics. Latency this high breaks the pedagogical purpose of conversation practice.","One reliability program: provision and load-test every student-facing service at full-cohort concurrency (8,000 IDE instances target); slim images and pre-warm pools; fix evaluation pipeline defects; graceful error handling for AWS/pnpm/internal errors; per-campus health monitoring; resolve third-party rate limits (Kaggle shared IPs).",Pending
ISS-100,Aurora,Aurora University,"CDU, Aurora",Learning Design - Learning Platform (Product),Learning Platform,Platform Concurrency & IDE Reliability,English NxtTalk: 30 sec-2 min voice delays; audio quality issues,"Voice pipeline (ASR-LLM-TTS) latency far beyond conversational threshold (~1-2 sec), likely from queueing under load plus unoptimized pipeline. Audio quality issues suggest no client-side audio diagnostics. Latency this high breaks the pedagogical purpose of conversation practice.","One reliability program: provision and load-test every student-facing service at full-cohort concurrency (8,000 IDE instances target); slim images and pre-warm pools; fix evaluation pipeline defects; graceful error handling for AWS/pnpm/internal errors; per-campus health monitoring; resolve third-party rate limits (Kaggle shared IPs).",Pending
ISS-020,Aurora,Aurora University,Aurora,Learning Design Layer,Content&Curriculum,"Release Quality, Rollout Audits & Issue Feedback Loop","All Courses: Answer explanations missing across practice, quizzes, and exams; 'Show Explanation' feature unavailable","Feature regression plus content gap. The 'Show Explanation' feature broke in a release roughly two months ago and survived because no learning-experience regression checklist or 'explanation shown' telemetry exists. Separately, some assessment items were authored without explanation fields at all, so even after the platform fix those items will still have nothing to surface. Both the platform gate and the content authoring definition-of-done need the fix.","One quality program: learning-experience release regression checklist; rollout completeness audits per course/campus; telemetry on submission success, explanation-shown, and score distributions; issue triage queue with SLAs and reporter feedback; sync quiz unlocks to campus delivery progress.",Pending
ISS-021,Aurora,Aurora University,Aurora,Learning Design Layer,Content&Curriculum,"Release Quality, Rollout Audits & Issue Feedback Loop",All Courses: 'Review your mistakes' feature gone in module quiz,Same regression class: a learning-loop feature was dropped in a release without a deprecation decision. Indicates missing release checklist for pedagogically-critical features.,"One quality program: learning-experience release regression checklist; rollout completeness audits per course/campus; telemetry on submission success, explanation-shown, and score distributions; issue triage queue with SLAs and reporter feedback; sync quiz unlocks to campus delivery progress.",Pending
ISS-033,CDU,Chaitanya Deemed-to-be University,CDU,Scheduling Layer,Content&Curriculum,"Release Quality, Rollout Audits & Issue Feedback Loop",React: Module quiz units locked ~3 weeks after topic is taught,Quiz unlock schedule is configured centrally on a fixed calendar that doesn't track actual campus teaching pace. No mechanism syncs unlocks to delivery progress per campus.,"One quality program: learning-experience release regression checklist; rollout completeness audits per course/campus; telemetry on submission success, explanation-shown, and score distributions; issue triage queue with SLAs and reporter feedback; sync quiz unlocks to campus delivery progress.",Pending
ISS-050,Aurora,Aurora University,Aurora,Learning Design Layer,Content&Curriculum,"Release Quality, Rollout Audits & Issue Feedback Loop",Computer Programming: IDE file-management questions not working,File-management question type has an environment bug (filesystem state/evaluation). No automated smoke tests run on question types per release.,"One quality program: learning-experience release regression checklist; rollout completeness audits per course/campus; telemetry on submission success, explanation-shown, and score distributions; issue triage queue with SLAs and reporter feedback; sync quiz unlocks to campus delivery progress.",Pending
ISS-055,CDU,Chaitanya Deemed-to-be University,CDU,Learning Design - Learning Platform (Product),Content&Curriculum,"Release Quality, Rollout Audits & Issue Feedback Loop",English: Written answers sometimes wrongly scored 0/10,Auto-evaluation bug in written-response scoring (likely parser/rubric matching failure returning zero). No score-distribution monitoring exists to flag anomalous zero spikes.,"One quality program: learning-experience release regression checklist; rollout completeness audits per course/campus; telemetry on submission success, explanation-shown, and score distributions; issue triage queue with SLAs and reporter feedback; sync quiz unlocks to campus delivery progress.",Pending
ISS-059,CDU,Chaitanya Deemed-to-be University,CDU,Learning Design Layer,Content&Curriculum,"Release Quality, Rollout Audits & Issue Feedback Loop",English: Speaking exercises marked complete with 0/5; wrong answers ticked correct,"Completion logic decoupled from score: attempt = complete regardless of result. Evaluation correctness bug compounds it. Both are platform logic defects, masked by absent score-quality monitoring.","One quality program: learning-experience release regression checklist; rollout completeness audits per course/campus; telemetry on submission success, explanation-shown, and score distributions; issue triage queue with SLAs and reporter feedback; sync quiz unlocks to campus delivery progress.",Pending
ISS-064,Aurora,Aurora University,"Aurora, CDU",Learning Design Layer,Content&Curriculum,"Release Quality, Rollout Audits & Issue Feedback Loop",DS&Algo: Visualisers not configured for all users,Visualizer feature rollout is partial - configuration/entitlement gap across cohorts. No rollout completeness check per course per campus.,"One quality program: learning-experience release regression checklist; rollout completeness audits per course/campus; telemetry on submission success, explanation-shown, and score distributions; issue triage queue with SLAs and reporter feedback; sync quiz unlocks to campus delivery progress.",Pending
ISS-064,CDU,Chaitanya Deemed-to-be University,"Aurora, CDU",Learning Design Layer,Content&Curriculum,"Release Quality, Rollout Audits & Issue Feedback Loop",DS&Algo: Visualisers not configured for all users,Visualizer feature rollout is partial - configuration/entitlement gap across cohorts. No rollout completeness check per course per campus.,"One quality program: learning-experience release regression checklist; rollout completeness audits per course/campus; telemetry on submission success, explanation-shown, and score distributions; issue triage queue with SLAs and reporter feedback; sync quiz unlocks to campus delivery progress.",Pending
ISS-065,CDU,Chaitanya Deemed-to-be University,CDU,Learning Design Layer,Content&Curriculum,"Release Quality, Rollout Audits & Issue Feedback Loop",DS&Algo: Video buffering issues; Module 5 missing/incomplete,CDN/streaming performance unmonitored at campus bandwidth conditions. Module 5 shipped incomplete - content completeness gate missing before module go-live.,"One quality program: learning-experience release regression checklist; rollout completeness audits per course/campus; telemetry on submission success, explanation-shown, and score distributions; issue triage queue with SLAs and reporter feedback; sync quiz unlocks to campus delivery progress.",Pending
ISS-083,CDU,Chaitanya Deemed-to-be University,CDU,Learning Design - Learning Platform (Product),Content&Curriculum,"Release Quality, Rollout Audits & Issue Feedback Loop","Observability: React IDE issue reported 3x via admin app, no resolution","Reported issues enter the admin app but there is no triage queue, ownership, SLA, or feedback-to-reporter loop. Reports go into a void, so students stop reporting and trust erodes.","One quality program: learning-experience release regression checklist; rollout completeness audits per course/campus; telemetry on submission success, explanation-shown, and score distributions; issue triage queue with SLAs and reporter feedback; sync quiz unlocks to campus delivery progress.",Pending
ISS-086,CDU,Chaitanya Deemed-to-be University,CDU,Learning Design - Learning Platform (Product),Content&Curriculum,"Release Quality, Rollout Audits & Issue Feedback Loop",Face ID not implemented for all students,Partial feature rollout with no per-student entitlement audit. Rollout completeness isn't verified against the enrolled roster.,"One quality program: learning-experience release regression checklist; rollout completeness audits per course/campus; telemetry on submission success, explanation-shown, and score distributions; issue triage queue with SLAs and reporter feedback; sync quiz unlocks to campus delivery progress.",Pending
ISS-095,Aurora,Aurora University,Aurora,Learning Design - Learning Platform (Product),Learning Platform,"Release Quality, Rollout Audits & Issue Feedback Loop",Some courses lack AI Tutor near sessions,AI Tutor enablement is configured per course manually; no audit verifies coverage across the live catalog. Same partial-rollout pattern as Face ID and visualizers.,"One quality program: learning-experience release regression checklist; rollout completeness audits per course/campus; telemetry on submission success, explanation-shown, and score distributions; issue triage queue with SLAs and reporter feedback; sync quiz unlocks to campus delivery progress.",Pending
ISS-104,Aurora,Aurora University,Aurora,Learning Design - Learning Platform (Product),Learning Platform,"Release Quality, Rollout Audits & Issue Feedback Loop",Search not finding 'Food Munch' links; content not searchable,Search index doesn't cover all content entities (project assets like Food Munch aren't indexed or deep links are broken). Indexing completeness has no QA check.,"One quality program: learning-experience release regression checklist; rollout completeness audits per course/campus; telemetry on submission success, explanation-shown, and score distributions; issue triage queue with SLAs and reporter feedback; sync quiz unlocks to campus delivery progress.",Pending
ISS-092,MRV,Malla Reddy Vishwavidyapeeth,MRV,Learning Design - Learning Platform (Product),Learning Platform,Assessment Integrity (Agentic AI Era),Students completing quizzes and MCQ practice using Comet,"Assessment integrity model predates agentic AI browsers. Quizzes are unproctored client-side experiences with no AI-assistance detection, so completion data is now unreliable as a learning signal.","Redesign assessment integrity for the agentic era: AI-assistance detection or proctoring strategy, assessment formats that stay valid with AI present, cross-browser control coverage.",Pending
ISS-094,Aurora,Aurora University,Aurora,Learning Design - Learning Platform (Product),Learning Platform,Assessment Integrity (Agentic AI Era),Copy/paste of code snippets possible via Safari,Copy/paste restrictions implemented with browser-specific APIs not covered on Safari. Integrity controls weren't cross-browser tested.,"Redesign assessment integrity for the agentic era: AI-assistance detection or proctoring strategy, assessment formats that stay valid with AI present, cross-browser control coverage.",Pending
ISS-018,Aurora,Aurora University,Aurora,Scheduling Layer,Content&Curriculum,Session Time Budget & Hands-on Delivery,Curriculum Design: Spillover teaching eats practice time; no practice after each concept,"Session content is authored at >1hr of delivery for a 1hr slot, so teaching spills into practice time by design. Pedagogy spec (explain-show-practice per concept) exists but content volume makes it impossible for instructors to follow.",Enforce a delivery-time budget (content <= 75% of slot) as a content QA gate; re-author offending sessions to explain-show-practice; rebalance LLM Apps for live coding; publish a theory-vs-hands-on session map so expectations are set correctly.,Pending
ISS-029,Aurora,Aurora University,Aurora,Learning Design Layer,Content&Curriculum,Session Time Budget & Hands-on Delivery,"React: From Lists/Keys onward, no hands-on time during sessions","Slides count is 35-50. Recordings that took, more than 45 mins are divided into 2 sessions in slides. hightest duration session 45 mins in recording. Need to check with the instructors for more insights on what went. Planned a discussion with intensive offline instructors",Enforce a delivery-time budget (content <= 75% of slot) as a content QA gate; re-author offending sessions to explain-show-practice; rebalance LLM Apps for live coding; publish a theory-vs-hands-on session map so expectations are set correctly.,Pending
ISS-030,Aurora,Aurora University,Aurora,Learning Design Layer,Content&Curriculum,Session Time Budget & Hands-on Delivery,"React: Sessions take ~1.5hr, leaving no mentoring or practice time","Slides count is 35-50. Recordings that took, more than 45 mins are divided into 2 sessions in slides. hightest duration session 45 mins in recording. Need to check with the instructors for more insights on what went. Planned a discussion with intensive offline instructors",Enforce a delivery-time budget (content <= 75% of slot) as a content QA gate; re-author offending sessions to explain-show-practice; rebalance LLM Apps for live coding; publish a theory-vs-hands-on session map so expectations are set correctly.,Pending
ISS-038,MRV,Malla Reddy Vishwavidyapeeth,MRV,Learning Design Layer,Content&Curriculum,Session Time Budget & Hands-on Delivery,"GenAI: First 4 sessions boring, theory-only; need hands-on","For Intro to gen AI: The initial four sessions are dedicated to introducing GenAI concepts, while rest of the sessions focus on hands-on (n8n workflows) . Note: To better address such feedback, it would help to have more clarity on which course and units the concern refers to, as hands-on content varies across GenAI courses.",Enforce a delivery-time budget (content <= 75% of slot) as a content QA gate; re-author offending sessions to explain-show-practice; rebalance LLM Apps for live coding; publish a theory-vs-hands-on session map so expectations are set correctly.,Pending
ISS-041,CDU,Chaitanya Deemed-to-be University,CDU,Learning Design Layer,Content&Curriculum,Session Time Budget & Hands-on Delivery,GenAI: Building LLM Apps theory-heavy; pre-coded demos instead of live coding,Providing specific session names in feedback helps us address concerns more effectively.,Enforce a delivery-time budget (content <= 75% of slot) as a content QA gate; re-author offending sessions to explain-show-practice; rebalance LLM Apps for live coding; publish a theory-vs-hands-on session map so expectations are set correctly.,Pending
ISS-042,CDU,Chaitanya Deemed-to-be University,CDU,Learning Design Layer,Content&Curriculum,Session Time Budget & Hands-on Delivery,"GenAI: Building LLM Apps content >50 min, so hands-on skipped",Providing specific session names in feedback helps us address concerns more effectively.,Enforce a delivery-time budget (content <= 75% of slot) as a content QA gate; re-author offending sessions to explain-show-practice; rebalance LLM Apps for live coding; publish a theory-vs-hands-on session map so expectations are set correctly.,Pending
ISS-008,MRV,Malla Reddy Vishwavidyapeeth,MRV,BOS Layer,Content&Curriculum,"Semester Re-baseline, Scheduling Rules & Practice Protection",Curriculum Design: Sem 2 has DS&Algo + React + DBMS simultaneously - too much to comprehend,"Three heavy, unrelated tracks were packed into one semester that is effectively ~4 months after exams. BOS credit requirements forced the load; the academic plan absorbed it by parallelizing instead of sequencing, causing constant context switching.","Re-baseline every semester plan to the post-exam teaching window; protected practice ratio that cannot be rescheduled away; difficulty-weighted hour allocation; hard scheduling rules: no two lectures back-to-back, protected GenAI slots, exam prep buffers, co-curricular/sports slots; quiz adherence tracking.",Pending
ISS-012,MRV,Malla Reddy Vishwavidyapeeth,MRV,Program Ops Layer,Content&Curriculum,"Semester Re-baseline, Scheduling Rules & Practice Protection",Curriculum Design: No dedicated time within 9-4 day for club discussions,"Timetable is 100% allocated to academic delivery. Co-curricular time was never a scheduling constraint in the semester plan, so clubs can only meet outside hours.","Re-baseline every semester plan to the post-exam teaching window; protected practice ratio that cannot be rescheduled away; difficulty-weighted hour allocation; hard scheduling rules: no two lectures back-to-back, protected GenAI slots, exam prep buffers, co-curricular/sports slots; quiz adherence tracking.",Pending
ISS-013,CDU,Chaitanya Deemed-to-be University,CDU,Program Ops Layer,Content&Curriculum,"Semester Re-baseline, Scheduling Rules & Practice Protection",Curriculum Design: No sports period,Same root cause: the academic plan consumed the full day and extra-curriculars were not given a protected slot in the timetable.,"Re-baseline every semester plan to the post-exam teaching window; protected practice ratio that cannot be rescheduled away; difficulty-weighted hour allocation; hard scheduling rules: no two lectures back-to-back, protected GenAI slots, exam prep buffers, co-curricular/sports slots; quiz adherence tracking.",Pending
ISS-014,MRV,Malla Reddy Vishwavidyapeeth,MRV,Academic Planning Layer,Content&Curriculum,"Semester Re-baseline, Scheduling Rules & Practice Protection",Curriculum Design: Semester effectively ~4 months; ~2 months consumed by exams,"University exam calendar (BOS-controlled) consumes ~2 months, but the curriculum plan was scoped for a 6-month semester. The academic plan was not re-baselined to the real teaching window.","Re-baseline every semester plan to the post-exam teaching window; protected practice ratio that cannot be rescheduled away; difficulty-weighted hour allocation; hard scheduling rules: no two lectures back-to-back, protected GenAI slots, exam prep buffers, co-curricular/sports slots; quiz adherence tracking.",Pending
ISS-015,MRV,Malla Reddy Vishwavidyapeeth,MRV,Academic Planning Layer,Content&Curriculum,"Semester Re-baseline, Scheduling Rules & Practice Protection",Curriculum Design: Two mid exams per day; students disconnected during sessions,Sessions are being conducted till the previous day of exam,"Re-baseline every semester plan to the post-exam teaching window; protected practice ratio that cannot be rescheduled away; difficulty-weighted hour allocation; hard scheduling rules: no two lectures back-to-back, protected GenAI slots, exam prep buffers, co-curricular/sports slots; quiz adherence tracking.",Pending
ISS-019,Aurora,Aurora University,Aurora,Scheduling Layer,Content&Curriculum,"Semester Re-baseline, Scheduling Rules & Practice Protection","Curriculum Design: Pacing uneven - slow at term start, rushed at term end",Term plans front-load easy content with generous buffers and back-load hard content with none. No mid-term velocity check exists to rebalance pace before the end-of-term crunch.,"Re-baseline every semester plan to the post-exam teaching window; protected practice ratio that cannot be rescheduled away; difficulty-weighted hour allocation; hard scheduling rules: no two lectures back-to-back, protected GenAI slots, exam prep buffers, co-curricular/sports slots; quiz adherence tracking.",Pending
ISS-023,MRV,Malla Reddy Vishwavidyapeeth,MRV,Academic Planning Layer,Content&Curriculum,"Semester Re-baseline, Scheduling Rules & Practice Protection",All Courses: Back-to-back sessions with no practice between; React pace too fast; JS foundation gaps; Sem 2 overload,"SQL, JS, React, C++ are being taught in a single semester, context switching made it tough. Adding to that schedule adherence issues made it much tougher. Instructor could not complete a session under given slot with handson since content itself is taking > 1hr to deliver","Re-baseline every semester plan to the post-exam teaching window; protected practice ratio that cannot be rescheduled away; difficulty-weighted hour allocation; hard scheduling rules: no two lectures back-to-back, protected GenAI slots, exam prep buffers, co-curricular/sports slots; quiz adherence tracking.",Pending
ISS-024,CDU,Chaitanya Deemed-to-be University,"CDU, MRV, Aurora",Academic Planning Layer,Content&Curriculum,"Semester Re-baseline, Scheduling Rules & Practice Protection",All Courses: Practice session count reduced significantly in second sem,"When the sem-2 syllabus didn't fit the real teaching window, practice hours were cut (~75% of coding practice hours per MRV reports) instead of cutting content scope. Practice was treated as the buffer, not as core pedagogy.","Re-baseline every semester plan to the post-exam teaching window; protected practice ratio that cannot be rescheduled away; difficulty-weighted hour allocation; hard scheduling rules: no two lectures back-to-back, protected GenAI slots, exam prep buffers, co-curricular/sports slots; quiz adherence tracking.",Pending
ISS-024,MRV,Malla Reddy Vishwavidyapeeth,"CDU, MRV, Aurora",Academic Planning Layer,Content&Curriculum,"Semester Re-baseline, Scheduling Rules & Practice Protection",All Courses: Practice session count reduced significantly in second sem,"When the sem-2 syllabus didn't fit the real teaching window, practice hours were cut (~75% of coding practice hours per MRV reports) instead of cutting content scope. Practice was treated as the buffer, not as core pedagogy.","Re-baseline every semester plan to the post-exam teaching window; protected practice ratio that cannot be rescheduled away; difficulty-weighted hour allocation; hard scheduling rules: no two lectures back-to-back, protected GenAI slots, exam prep buffers, co-curricular/sports slots; quiz adherence tracking.",Pending
ISS-024,Aurora,Aurora University,"CDU, MRV, Aurora",Academic Planning Layer,Content&Curriculum,"Semester Re-baseline, Scheduling Rules & Practice Protection",All Courses: Practice session count reduced significantly in second sem,"When the sem-2 syllabus didn't fit the real teaching window, practice hours were cut (~75% of coding practice hours per MRV reports) instead of cutting content scope. Practice was treated as the buffer, not as core pedagogy.","Re-baseline every semester plan to the post-exam teaching window; protected practice ratio that cannot be rescheduled away; difficulty-weighted hour allocation; hard scheduling rules: no two lectures back-to-back, protected GenAI slots, exam prep buffers, co-curricular/sports slots; quiz adherence tracking.",Pending
ISS-026,Aurora,Aurora University,Aurora,Scheduling Layer,Content&Curriculum,"Semester Re-baseline, Scheduling Rules & Practice Protection",All Courses: Module quizzes being skipped,"Quizzes are scheduled but not enforced; when sessions overrun, the quiz slot is the first casualty. No adherence tracking flags skipped quizzes to ops.","Re-baseline every semester plan to the post-exam teaching window; protected practice ratio that cannot be rescheduled away; difficulty-weighted hour allocation; hard scheduling rules: no two lectures back-to-back, protected GenAI slots, exam prep buffers, co-curricular/sports slots; quiz adherence tracking.",Pending
ISS-034,Aurora,Aurora University,Aurora,Academic Planning Layer,Content&Curriculum,"Semester Re-baseline, Scheduling Rules & Practice Protection",React: Time allotted insufficient to cover React,"React's hour allocation was set by available calendar space, not by a bottom-up estimate of concept count x practice time. The course needs either more hours or scope cuts; neither was decided.","Re-baseline every semester plan to the post-exam teaching window; protected practice ratio that cannot be rescheduled away; difficulty-weighted hour allocation; hard scheduling rules: no two lectures back-to-back, protected GenAI slots, exam prep buffers, co-curricular/sports slots; quiz adherence tracking.",Pending
ISS-035,Aurora,Aurora University,Aurora,Academic Planning Layer,Content&Curriculum,"Semester Re-baseline, Scheduling Rules & Practice Protection","React, Programming: Topics rushed - OOPs in 1-1.5 weeks; frontend topics too fast; little hands-on","Compression cascade: fixed end dates + uncut scope = uniform acceleration of every topic. Hard topics (OOPs, hooks) need disproportionate time but the plan allocates roughly linearly.","Re-baseline every semester plan to the post-exam teaching window; protected practice ratio that cannot be rescheduled away; difficulty-weighted hour allocation; hard scheduling rules: no two lectures back-to-back, protected GenAI slots, exam prep buffers, co-curricular/sports slots; quiz adherence tracking.",Pending
ISS-040,Aurora,Aurora University,"Aurora, MRV",Scheduling Layer,Content&Curriculum,"Semester Re-baseline, Scheduling Rules & Practice Protection","GenAI: Sessions inconsistent, always deprioritised; cancellations upset students","GenAI is treated as the lowest-priority track in rescheduling rules: any disruption (exams, missed classes) cannibalizes its slots first. No protected-slot policy exists for it despite high student demand.","Re-baseline every semester plan to the post-exam teaching window; protected practice ratio that cannot be rescheduled away; difficulty-weighted hour allocation; hard scheduling rules: no two lectures back-to-back, protected GenAI slots, exam prep buffers, co-curricular/sports slots; quiz adherence tracking.",Pending
ISS-040,MRV,Malla Reddy Vishwavidyapeeth,"Aurora, MRV",Scheduling Layer,Content&Curriculum,"Semester Re-baseline, Scheduling Rules & Practice Protection","GenAI: Sessions inconsistent, always deprioritised; cancellations upset students","GenAI is treated as the lowest-priority track in rescheduling rules: any disruption (exams, missed classes) cannibalizes its slots first. No protected-slot policy exists for it despite high student demand.","Re-baseline every semester plan to the post-exam teaching window; protected practice ratio that cannot be rescheduled away; difficulty-weighted hour allocation; hard scheduling rules: no two lectures back-to-back, protected GenAI slots, exam prep buffers, co-curricular/sports slots; quiz adherence tracking.",Pending
ISS-049,Aurora,Aurora University,"Aurora, CDU",Academic Planning Layer,Content&Curriculum,"Semester Re-baseline, Scheduling Rules & Practice Protection",Computer Programming: OOPs completed in single week; concepts unclear,Time compression plus content that explains OOPs abstractly without enough worked examples and consolidation practice.,"Re-baseline every semester plan to the post-exam teaching window; protected practice ratio that cannot be rescheduled away; difficulty-weighted hour allocation; hard scheduling rules: no two lectures back-to-back, protected GenAI slots, exam prep buffers, co-curricular/sports slots; quiz adherence tracking.",Pending
ISS-049,CDU,Chaitanya Deemed-to-be University,"Aurora, CDU",Academic Planning Layer,Content&Curriculum,"Semester Re-baseline, Scheduling Rules & Practice Protection",Computer Programming: OOPs completed in single week; concepts unclear,Time compression plus content that explains OOPs abstractly without enough worked examples and consolidation practice.,"Re-baseline every semester plan to the post-exam teaching window; protected practice ratio that cannot be rescheduled away; difficulty-weighted hour allocation; hard scheduling rules: no two lectures back-to-back, protected GenAI slots, exam prep buffers, co-curricular/sports slots; quiz adherence tracking.",Pending
ISS-066,MRV,Malla Reddy Vishwavidyapeeth,MRV,Academic Planning Layer,Content&Curriculum,"Semester Re-baseline, Scheduling Rules & Practice Protection",DS&Algo: C++ syntax covered too fast; logic-to-syntax translation failing,VC Mam did not accept cutting down the syllabus,"Re-baseline every semester plan to the post-exam teaching window; protected practice ratio that cannot be rescheduled away; difficulty-weighted hour allocation; hard scheduling rules: no two lectures back-to-back, protected GenAI slots, exam prep buffers, co-curricular/sports slots; quiz adherence tracking.",Pending
ISS-077,MRV,Malla Reddy Vishwavidyapeeth,MRV,Academic Planning Layer,Content&Curriculum,"Semester Re-baseline, Scheduling Rules & Practice Protection",JavaScript essentials covered too fast; students couldn't follow,"SQL, JS, React, C++ are being taught in a single semester, context switching made it tough. Adding to that schedule adherence issues made it much tougher.","Re-baseline every semester plan to the post-exam teaching window; protected practice ratio that cannot be rescheduled away; difficulty-weighted hour allocation; hard scheduling rules: no two lectures back-to-back, protected GenAI slots, exam prep buffers, co-curricular/sports slots; quiz adherence tracking.",Pending
ISS-084,MRV,Malla Reddy Vishwavidyapeeth,MRV,Academic Planning Layer,Content&Curriculum,"Semester Re-baseline, Scheduling Rules & Practice Protection",Observability: Restore session-practice rhythm with explain-show-practice and consolidation projects,"This is the corrective for the rhythm breakage below: the pedagogical operating model (session-practice alternation) was a design principle, not an enforced scheduling constraint, so it broke under calendar pressure.","Re-baseline every semester plan to the post-exam teaching window; protected practice ratio that cannot be rescheduled away; difficulty-weighted hour allocation; hard scheduling rules: no two lectures back-to-back, protected GenAI slots, exam prep buffers, co-curricular/sports slots; quiz adherence tracking.",Pending
ISS-085,MRV,Malla Reddy Vishwavidyapeeth,MRV,Academic Planning Layer,Content&Curriculum,"Semester Re-baseline, Scheduling Rules & Practice Protection",Observability: Session-practice rhythm broken in sem 2; 75% of practice hours cut,"When sem-2 scope exceeded the compressed window, the plan preserved lecture coverage and sacrificed practice hours. Practice was treated as discretionary buffer rather than a protected pedagogical invariant.","Re-baseline every semester plan to the post-exam teaching window; protected practice ratio that cannot be rescheduled away; difficulty-weighted hour allocation; hard scheduling rules: no two lectures back-to-back, protected GenAI slots, exam prep buffers, co-curricular/sports slots; quiz adherence tracking.",Pending
ISS-022,Aurora,Aurora University,Aurora,Learning Design Layer,Content&Curriculum,Practice Item Bank Overhaul & Adaptive Engine,All Courses: Want personalized practice targeting weak topics,"Platform has performance data but no adaptive practice engine. Item banks are not tagged at the granularity (topic x difficulty) needed to drive personalization, so the data can't be acted on.","One bank-and-engine program: shared difficulty/application taxonomy across practice banks and GRIT; author scenario/story items (SQL, Python); strip in-prompt hints and timer-gate hint access; adaptive practice engine with difficulty/count controls and weak-topic personalization; gamified formats (SQL Murder Mystery style); aptitude bank refresh.",Pending
ISS-027,CDU,Chaitanya Deemed-to-be University,"CDU, Aurora",Learning Design Layer,Content&Curriculum,Practice Item Bank Overhaul & Adaptive Engine,All Courses: GRIT contest difficulty mismatched with portal practice,"Practice item banks and GRIT assessment blueprints are authored by different teams against different difficulty standards. No shared difficulty calibration (e.g., common taxonomy band) links what students practice to what GRIT tests.","One bank-and-engine program: shared difficulty/application taxonomy across practice banks and GRIT; author scenario/story items (SQL, Python); strip in-prompt hints and timer-gate hint access; adaptive practice engine with difficulty/count controls and weak-topic personalization; gamified formats (SQL Murder Mystery style); aptitude bank refresh.",Pending
ISS-027,Aurora,Aurora University,"CDU, Aurora",Learning Design Layer,Content&Curriculum,Practice Item Bank Overhaul & Adaptive Engine,All Courses: GRIT contest difficulty mismatched with portal practice,"Practice item banks and GRIT assessment blueprints are authored by different teams against different difficulty standards. No shared difficulty calibration (e.g., common taxonomy band) links what students practice to what GRIT tests.","One bank-and-engine program: shared difficulty/application taxonomy across practice banks and GRIT; author scenario/story items (SQL, Python); strip in-prompt hints and timer-gate hint access; adaptive practice engine with difficulty/count controls and weak-topic personalization; gamified formats (SQL Murder Mystery style); aptitude bank refresh.",Pending
ISS-044,Aurora,Aurora University,Aurora,Learning Design Layer,Content&Curriculum,Practice Item Bank Overhaul & Adaptive Engine,Computer Programming: Repetitive practice questions; need adaptivity,Item banks have many near-duplicate items at one difficulty band and the platform serves them sequentially. No adaptive sequencing exists and bank authoring didn't enforce difficulty spread.,"One bank-and-engine program: shared difficulty/application taxonomy across practice banks and GRIT; author scenario/story items (SQL, Python); strip in-prompt hints and timer-gate hint access; adaptive practice engine with difficulty/count controls and weak-topic personalization; gamified formats (SQL Murder Mystery style); aptitude bank refresh.",Pending
ISS-045,Aurora,Aurora University,Aurora,Learning Design Layer,Content&Curriculum,Practice Item Bank Overhaul & Adaptive Engine,Computer Programming: Gamify hints with timer; optional hints for difficulty control,Currently timer is not present for solutions in Python Programming Questions,"One bank-and-engine program: shared difficulty/application taxonomy across practice banks and GRIT; author scenario/story items (SQL, Python); strip in-prompt hints and timer-gate hint access; adaptive practice engine with difficulty/count controls and weak-topic personalization; gamified formats (SQL Murder Mystery style); aptitude bank refresh.",Pending
ISS-046,Aurora,Aurora University,Aurora,Learning Design Layer,Content&Curriculum,Practice Item Bank Overhaul & Adaptive Engine,Computer Programming: Hard problems difficult - computational thinking never taught; want story-format questions,"Curriculum teaches syntax and constructs but has no explicit computational-thinking/problem-decomposition strand. Story-based application items are absent from banks, so transfer to hard problems was never practiced.","One bank-and-engine program: shared difficulty/application taxonomy across practice banks and GRIT; author scenario/story items (SQL, Python); strip in-prompt hints and timer-gate hint access; adaptive practice engine with difficulty/count controls and weak-topic personalization; gamified formats (SQL Murder Mystery style); aptitude bank refresh.",Pending
ISS-047,Aurora,Aurora University,Aurora,Learning Design Layer,Content&Curriculum,Practice Item Bank Overhaul & Adaptive Engine,Computer Programming: Want adaptive practice with difficulty and count control,Practice player has no learner controls or adaptive engine; sessions are fixed sequences. Same platform gap as personalization above.,"One bank-and-engine program: shared difficulty/application taxonomy across practice banks and GRIT; author scenario/story items (SQL, Python); strip in-prompt hints and timer-gate hint access; adaptive practice engine with difficulty/count controls and weak-topic personalization; gamified formats (SQL Murder Mystery style); aptitude bank refresh.",Pending
ISS-062,Aurora,Aurora University,Aurora,Learning Design Layer,Content&Curriculum,Practice Item Bank Overhaul & Adaptive Engine,Aptitude: Boring repeated MCQs; need gamification,"The practice module contains only MCQ-based questions. Users are repeatedly exposed to the same interaction pattern: Read question Select option Submit answer Move to next question Even when question content changes, the experience might remains unchanged because the format is always MCQ.","One bank-and-engine program: shared difficulty/application taxonomy across practice banks and GRIT; author scenario/story items (SQL, Python); strip in-prompt hints and timer-gate hint access; adaptive practice engine with difficulty/count controls and weak-topic personalization; gamified formats (SQL Murder Mystery style); aptitude bank refresh.",Pending
ISS-069,Aurora,Aurora University,Aurora,Learning Design - Content Design/Development,Content&Curriculum,Practice Item Bank Overhaul & Adaptive Engine,Introduction to Databases: Create Table topic has too many simple questions; need adaptivity,"Previously, from Intensive online feedbacks - detailed hints are added in the question description to help students solve the questions with better understanding. Assessments questions, course exams doesn't have hints","One bank-and-engine program: shared difficulty/application taxonomy across practice banks and GRIT; author scenario/story items (SQL, Python); strip in-prompt hints and timer-gate hint access; adaptive practice engine with difficulty/count controls and weak-topic personalization; gamified formats (SQL Murder Mystery style); aptitude bank refresh.",Pending
ISS-071,Aurora,Aurora University,Aurora,Learning Design - Curriculum Design,Content&Curriculum,Practice Item Bank Overhaul & Adaptive Engine,Introduction to Databases: Practice SQL easy vs GRIT scenario-based; need scenario questions,We will have the SQL MCQs and Coding Questions in scenerio based type questions only,"One bank-and-engine program: shared difficulty/application taxonomy across practice banks and GRIT; author scenario/story items (SQL, Python); strip in-prompt hints and timer-gate hint access; adaptive practice engine with difficulty/count controls and weak-topic personalization; gamified formats (SQL Murder Mystery style); aptitude bank refresh.",Pending
ISS-072,Aurora,Aurora University,Aurora,Learning Design - Content Design/Development,Content&Curriculum,Practice Item Bank Overhaul & Adaptive Engine,Introduction to Databases: SQL questions have hints embedded in descriptions,"Previously, from Intensive online feedbacks - detailed hints are added in the question description to help students solve the questions with better understanding. Assessments questions, course exams doesn't have hints","One bank-and-engine program: shared difficulty/application taxonomy across practice banks and GRIT; author scenario/story items (SQL, Python); strip in-prompt hints and timer-gate hint access; adaptive practice engine with difficulty/count controls and weak-topic personalization; gamified formats (SQL Murder Mystery style); aptitude bank refresh.",Pending
ISS-073,Aurora,Aurora University,Aurora,Learning Design - Content Design/Development,Content&Curriculum,Practice Item Bank Overhaul & Adaptive Engine,Introduction to Databases: Want LeetCode-style scenario SQL questions,"In SQL course, we will have all the coding practices are in Scenior based questions only","One bank-and-engine program: shared difficulty/application taxonomy across practice banks and GRIT; author scenario/story items (SQL, Python); strip in-prompt hints and timer-gate hint access; adaptive practice engine with difficulty/count controls and weak-topic personalization; gamified formats (SQL Murder Mystery style); aptitude bank refresh.",Pending
ISS-075,Aurora,Aurora University,Aurora,Learning Design - Learning Platform (Product),Content&Curriculum,Practice Item Bank Overhaul & Adaptive Engine,Introduction to Databases: Want gamified practice (SQL Murder Mystery style),"Platform has no narrative/gamified practice format, and content team hasn't authored game-format SQL content. Feature + content gap.","One bank-and-engine program: shared difficulty/application taxonomy across practice banks and GRIT; author scenario/story items (SQL, Python); strip in-prompt hints and timer-gate hint access; adaptive practice engine with difficulty/count controls and weak-topic personalization; gamified formats (SQL Murder Mystery style); aptitude bank refresh.",Pending
ISS-025,CDU,Chaitanya Deemed-to-be University,CDU,Learning Design Layer,Content&Curriculum,Content Completeness Gate & Refresh Pipeline,All Courses: Some topics PPT-only with no videos; PPTs buffer/fail; module changed mid-topic,"Content production pipeline shipped topics before video assets were complete, with no completeness gate. Separately, PPT rendering/CDN performance is not monitored. Mid-topic module changes indicate uncontrolled content updates pushed to live cohorts.","Content definition-of-done gate (videos + practice + explanations + setup walkthroughs) before any unit goes live; Market Intelligence & Gap Analyser driving a refresh pipeline for version changes; explanation and analogy authoring standards in QA; backfill MongoDB, normalization, and reference materials; proactive version-change comms to students.",Pending
ISS-028,CDU,Chaitanya Deemed-to-be University,CDU,Learning Design Layer,Content&Curriculum,Content Completeness Gate & Refresh Pipeline,All Courses: Missing reference material / question banks,"Reference material and question banks were never specified as mandatory course deliverables in the content definition-of-done, so coverage is inconsistent across courses.","Content definition-of-done gate (videos + practice + explanations + setup walkthroughs) before any unit goes live; Market Intelligence & Gap Analyser driving a refresh pipeline for version changes; explanation and analogy authoring standards in QA; backfill MongoDB, normalization, and reference materials; proactive version-change comms to students.",Pending
ISS-031,Aurora,Aurora University,Aurora,Learning Design Layer,Content&Curriculum,Content Completeness Gate & Refresh Pipeline,JS Essentials: Import/Export suddenly uses React IDE with no walkthrough,Existing session includes walkthrough. Coding Questions walkthrough is missing,"Content definition-of-done gate (videos + practice + explanations + setup walkthroughs) before any unit goes live; Market Intelligence & Gap Analyser driving a refresh pipeline for version changes; explanation and analogy authoring standards in QA; backfill MongoDB, normalization, and reference materials; proactive version-change comms to students.",Pending
ISS-067,MRV,Malla Reddy Vishwavidyapeeth,"MRV, CDU",Learning Design Layer,Content&Curriculum,Content Completeness Gate & Refresh Pipeline,"Introduction to Databases: MongoDB/NoSQL lacks practice, recap videos, clear setup; weak delivery; portal mismatch","As the SQLlite had the same similar concepts, we have covered the NoSQL in a theoretical way In the next semester, they will have MongoDB integration with NodeJS, here they will have coding practices and application building using it","Content definition-of-done gate (videos + practice + explanations + setup walkthroughs) before any unit goes live; Market Intelligence & Gap Analyser driving a refresh pipeline for version changes; explanation and analogy authoring standards in QA; backfill MongoDB, normalization, and reference materials; proactive version-change comms to students.",Pending
ISS-067,CDU,Chaitanya Deemed-to-be University,"MRV, CDU",Learning Design Layer,Content&Curriculum,Content Completeness Gate & Refresh Pipeline,"Introduction to Databases: MongoDB/NoSQL lacks practice, recap videos, clear setup; weak delivery; portal mismatch","As the SQLlite had the same similar concepts, we have covered the NoSQL in a theoretical way In the next semester, they will have MongoDB integration with NodeJS, here they will have coding practices and application building using it","Content definition-of-done gate (videos + practice + explanations + setup walkthroughs) before any unit goes live; Market Intelligence & Gap Analyser driving a refresh pipeline for version changes; explanation and analogy authoring standards in QA; backfill MongoDB, normalization, and reference materials; proactive version-change comms to students.",Pending
ISS-068,MRV,Malla Reddy Vishwavidyapeeth,MRV,Learning Design - Content Design/Development,Content&Curriculum,Content Completeness Gate & Refresh Pipeline,Introduction to Databases: Normalisation topic not understood,Normalization taught as abstract theory without motivating examples (why anomalies hurt). Instructor engagement was low on this unit. Both content design and delivery quality contributed.,"Content definition-of-done gate (videos + practice + explanations + setup walkthroughs) before any unit goes live; Market Intelligence & Gap Analyser driving a refresh pipeline for version changes; explanation and analogy authoring standards in QA; backfill MongoDB, normalization, and reference materials; proactive version-change comms to students.",Pending
ISS-070,Aurora,Aurora University,Aurora,Learning Design - Content Design/Development,Content&Curriculum,Content Completeness Gate & Refresh Pipeline,Introduction to Databases: Want analogies and real-world examples in explanations,"Content scripts don't bake in analogies/real-world anchors, so explanation quality depends entirely on individual instructor skill. Pedagogy standard for explanations is unenforced in content QA.","Content definition-of-done gate (videos + practice + explanations + setup walkthroughs) before any unit goes live; Market Intelligence & Gap Analyser driving a refresh pipeline for version changes; explanation and analogy authoring standards in QA; backfill MongoDB, normalization, and reference materials; proactive version-change comms to students.",Pending
ISS-074,MRV,Malla Reddy Vishwavidyapeeth,MRV,Learning Design - Content Design/Development,Content&Curriculum,Content Completeness Gate & Refresh Pipeline,Introduction to Databases: Normalization taught theoretically without examples,"As the normalization is being asked theroretically in Placements, we have explained theroretically","Content definition-of-done gate (videos + practice + explanations + setup walkthroughs) before any unit goes live; Market Intelligence & Gap Analyser driving a refresh pipeline for version changes; explanation and analogy authoring standards in QA; backfill MongoDB, normalization, and reference materials; proactive version-change comms to students.",Pending
ISS-003,Aurora,Aurora University,Aurora,Program Ops Layer,Content&Curriculum,Curriculum Scope Additions & Induction Program,"Induction: Need awareness sessions on learning pathways (Fullstack, GenAI, DS&ML)",Academic Planning: * NSPI...,"Add explicit strands to the curriculum spec with outcomes and hours; redesign induction (pathways, role/library awareness, club intros); integrated FE/BE capstone projects; fast-track coding-agents course via market-watch pipeline (token access depends on RG13).",Pending
ISS-004,Aurora,Aurora University,Aurora,Program Ops Layer,Content&Curriculum,Curriculum Scope Additions & Induction Program,Induction: Role-specific awareness sessions - students can't distinguish PyTorch from stdlib packages; want library-landscape sessions,Curriculum teaches language fundamentals without an ecosystem map. No session explains the Python library landscape (stdlib vs third-party vs ML frameworks) or which libraries map to which internship roles.,"Add explicit strands to the curriculum spec with outcomes and hours; redesign induction (pathways, role/library awareness, club intros); integrated FE/BE capstone projects; fast-track coding-agents course via market-watch pipeline (token access depends on RG13).",Pending
ISS-005,CDU,Chaitanya Deemed-to-be University,CDU,Program Ops Layer,Content&Curriculum,Curriculum Scope Additions & Induction Program,Induction: Club talks/intros missing in orientation,"Orientation agenda is owned by ops with no co-curricular slot. Club onboarding was never specified as an orientation deliverable, so it depends on campus initiative.","Add explicit strands to the curriculum spec with outcomes and hours; redesign induction (pathways, role/library awareness, club intros); integrated FE/BE capstone projects; fast-track coding-agents course via market-watch pipeline (token access depends on RG13).",Pending
ISS-006,Aurora,Aurora University,Aurora,BOS Layer,Content&Curriculum,Curriculum Scope Additions & Induction Program,Induction: Comprehensive practice combining frontend and backend,"Courses are designed and assessed in silos. No integrated capstone or consolidation project exists in the curriculum spec, so students never practice connecting frontend to backend.","Add explicit strands to the curriculum spec with outcomes and hours; redesign induction (pathways, role/library awareness, club intros); integrated FE/BE capstone projects; fast-track coding-agents course via market-watch pipeline (token access depends on RG13).",Pending
ISS-007,Aurora,Aurora University,Aurora,BOS Layer,Content&Curriculum,Curriculum Scope Additions & Induction Program,Induction: Frontend/backend integrated practice missing in learning portal,Backend is not completed to students of 2025. It will be coming in the next semesters,"Add explicit strands to the curriculum spec with outcomes and hours; redesign induction (pathways, role/library awareness, club intros); integrated FE/BE capstone projects; fast-track coding-agents course via market-watch pipeline (token access depends on RG13).",Pending
ISS-009,MRV,Malla Reddy Vishwavidyapeeth,MRV,Program Ops Layer,Content&Curriculum,Curriculum Scope Additions & Induction Program,"Curriculum Design: Need GitHub, Linux in first year (Git workflows, dev environment setup)","Planned as workshop, but didn't happen due to slots issue for workshops","Add explicit strands to the curriculum spec with outcomes and hours; redesign induction (pathways, role/library awareness, club intros); integrated FE/BE capstone projects; fast-track coding-agents course via market-watch pipeline (token access depends on RG13).",Pending
ISS-011,Aurora,Aurora University,Aurora,Program Ops Layer,Content&Curriculum,Curriculum Scope Additions & Induction Program,"Curriculum Design: Need per-course awareness of real-world tools (VSCode for React, SQL editors)","Course design briefs don't include an 'industry tooling' section. Content maps concepts but not the external tool ecosystem, so students learn inside the portal without knowing the tools used outside it.","Add explicit strands to the curriculum spec with outcomes and hours; redesign induction (pathways, role/library awareness, club intros); integrated FE/BE capstone projects; fast-track coding-agents course via market-watch pipeline (token access depends on RG13).",Pending
ISS-032,Aurora,Aurora University,Aurora,Scheduling Layer,Content&Curriculum,Curriculum Scope Additions & Induction Program,"Web Development: Tailwind CSS rushed, hurting later courses; add to curriculum","Scheduling Issues: Auora Instructors could not deliver the sessions of Tailwind, students need to do self learning.","Add explicit strands to the curriculum spec with outcomes and hours; redesign induction (pathways, role/library awareness, club intros); integrated FE/BE capstone projects; fast-track coding-agents course via market-watch pipeline (token access depends on RG13).",Pending
ISS-048,CDU,Chaitanya Deemed-to-be University,CDU,Learning Design Layer,Content&Curriculum,Curriculum Scope Additions & Induction Program,Computer Programming: Computational-thinking support needed,Same curriculum gap as Aurora: no dedicated problem-solving strand.,"Add explicit strands to the curriculum spec with outcomes and hours; redesign induction (pathways, role/library awareness, club intros); integrated FE/BE capstone projects; fast-track coding-agents course via market-watch pipeline (token access depends on RG13).",Pending
ISS-051,Aurora,Aurora University,Aurora,Learning Design Layer,Content&Curriculum,Curriculum Scope Additions & Induction Program,Computer Programming: More third-party library coverage; shallow error handling; videos lack depth vs slides,"Curriculum scope stops at core Python; library ecosystem and deep error handling were descoped. Video scripts were authored shallower than instructor slide decks, so the 'official' asset is the weakest one - a content QA depth-parity gap.","Add explicit strands to the curriculum spec with outcomes and hours; redesign induction (pathways, role/library awareness, club intros); integrated FE/BE capstone projects; fast-track coding-agents course via market-watch pipeline (token access depends on RG13).",Pending
ISS-076,MRV,Malla Reddy Vishwavidyapeeth,MRV,Learning Design - Curriculum Design,Content&Curriculum,Curriculum Scope Additions & Induction Program,"HTML, CSS: Need Linux basics (commands, navigation, networking)","Planned as workshop, but didn't happen due to slots issue for workshops","Add explicit strands to the curriculum spec with outcomes and hours; redesign induction (pathways, role/library awareness, club intros); integrated FE/BE capstone projects; fast-track coding-agents course via market-watch pipeline (token access depends on RG13).",Pending
ISS-081,MRV,Malla Reddy Vishwavidyapeeth,MRV,Learning Design - Curriculum Design,Content&Curriculum,Curriculum Scope Additions & Induction Program,Induction: Need coding agents course (Claude Code); AI token optimisation workshops,Curriculum refresh cadence lags the GenAI tooling market (which moves in weeks). No market-intelligence-to-curriculum pipeline exists to fast-track high-demand emerging topics.,"Add explicit strands to the curriculum spec with outcomes and hours; redesign induction (pathways, role/library awareness, club intros); integrated FE/BE capstone projects; fast-track coding-agents course via market-watch pipeline (token access depends on RG13).",Pending
ISS-053,CDU,Chaitanya Deemed-to-be University,CDU,Instructor Delivery Layer,Content&Curriculum,English Communicative Redesign,English: Real-time sessions not implemented in class,"Real-time activities are in the design but delivery isn't tracked or assessed (see related item below), so instructors skip them with no visibility or consequence.",Redesign around scenario/debate/improv session formats with small-group speaking structures; build activity tracking and assessment for real-time sessions so delivery is enforced; fix item time budgets; adaptive practice; presentation-skills track; publish NextTalk cadence.,Pending
ISS-054,CDU,Chaitanya Deemed-to-be University,CDU,Learning Design Layer,Content&Curriculum,English Communicative Redesign,"English: 100-word quiz question - time insufficient, everyone stops attempting","Assessment item demands writing volume that exceeds quiz time budget. Item authoring has no time-per-item validation, and once students learn it's unscoreable-in-time, rational abandonment follows.",Redesign around scenario/debate/improv session formats with small-group speaking structures; build activity tracking and assessment for real-time sessions so delivery is enforced; fix item time budgets; adaptive practice; presentation-skills track; publish NextTalk cadence.,Pending
ISS-056,Aurora,Aurora University,Aurora,Learning Design - Curriculum Design,Content&Curriculum,English Communicative Redesign,English: Want debates and scenario-based sessions; 35-40% unconfident on B1; large classes limit speaking practice,"Three stacked causes: (1) English curriculum is lecture-and-MCQ shaped, not communicative-practice shaped; (2) class sizes of 40-70+ make per-student speaking time near zero; (3) students rationally deprioritise English because technical tracks carry the visible stakes. Confidence only builds with repeated speaking reps the current design can't supply.",Redesign around scenario/debate/improv session formats with small-group speaking structures; build activity tracking and assessment for real-time sessions so delivery is enforced; fix item time budgets; adaptive practice; presentation-skills track; publish NextTalk cadence.,Pending
ISS-057,Aurora,Aurora University,Aurora,Learning Design Layer,Content&Curriculum,English Communicative Redesign,English: Practices boring; can be made adaptive,Practice banks are repetitive static MCQs. Same adaptivity and item-variety gap as programming practice.,Redesign around scenario/debate/improv session formats with small-group speaking structures; build activity tracking and assessment for real-time sessions so delivery is enforced; fix item time budgets; adaptive practice; presentation-skills track; publish NextTalk cadence.,Pending
ISS-058,Aurora,Aurora University,Aurora,Learning Design - Curriculum Design,Content&Curriculum,English Communicative Redesign,English: Want presentation mentorship and practice platforms,Presentation skills aren't a defined curriculum outcome with sessions and rubrics; they're assumed to emerge. No structured practice venue exists.,Redesign around scenario/debate/improv session formats with small-group speaking structures; build activity tracking and assessment for real-time sessions so delivery is enforced; fix item time budgets; adaptive practice; presentation-skills track; publish NextTalk cadence.,Pending
ISS-060,CDU,Chaitanya Deemed-to-be University,CDU,Learning Design Layer,Content&Curriculum,English Communicative Redesign,English: Real-time sessions have no activity tracking or assessment,Real-time activities were added to the curriculum without a corresponding tracking entity in the platform. What isn't tracked isn't delivered (see non-implementation issue above) - this is the upstream cause.,Redesign around scenario/debate/improv session formats with small-group speaking structures; build activity tracking and assessment for real-time sessions so delivery is enforced; fix item time budgets; adaptive practice; presentation-skills track; publish NextTalk cadence.,Pending
ISS-061,Aurora,Aurora University,Aurora,Academic Planning Layer,Content&Curriculum,English Communicative Redesign,English: Question on NextTalk practice frequency per week,"Session cadence isn't published to students; communication gap between academic planning and student-facing schedule, not a design defect.",Redesign around scenario/debate/improv session formats with small-group speaking structures; build activity tracking and assessment for real-time sessions so delivery is enforced; fix item time budgets; adaptive practice; presentation-skills track; publish NextTalk cadence.,Pending
ISS-016,CDU,Chaitanya Deemed-to-be University,CDU,Program Ops Layer,Content&Curriculum,Masterclass Alignment Framework,Curriculum Design: Curriculum not aligned to event tech stacks; master classes out of sync,Master class calendar and core curriculum calendar are owned by different teams with no sync checkpoint. Events assume prerequisites the curriculum hasn't delivered yet at that point in time.,"Lead-authored framework: curriculum-to-masterclass mapping; semester-wise roadmap with foundational/intermediate/advanced mix; readiness package per class (prerequisites, glossary, outcomes, instructor discussion guides); delivered-topics registry; upfront objective/difficulty comms; feedback-and-engagement-driven optimization.",Pending
ISS-043,MRV,Malla Reddy Vishwavidyapeeth,MRV,Learning Design Layer,Content&Curriculum,Masterclass Alignment Framework,"GenAI Master Classes: Same intro sessions repeated, wasting slots",No central registry tracks which master class topics each cohort has already received. Speakers/topics are booked per event without checking delivery history.,"Lead-authored framework: curriculum-to-masterclass mapping; semester-wise roadmap with foundational/intermediate/advanced mix; readiness package per class (prerequisites, glossary, outcomes, instructor discussion guides); delivered-topics registry; upfront objective/difficulty comms; feedback-and-engagement-driven optimization.",Pending
ISS-079,CDU,Chaitanya Deemed-to-be University,CDU,Learning Design,Content&Curriculum,Masterclass Alignment Framework,Master Classes: Too low-level vs subject content,"The masterclasses were intentionally designed to provide industry exposure, awareness of emerging technologies, and beginner-friendly introductions to industry-grade skills through sessions delivered by practitioners from leading technology companies. However, the selected topics and depth of coverage were not sufficiently aligned with the students' ongoing curriculum, creating a mismatch between learner expectations and the intended objective of the masterclass.","Lead-authored framework: curriculum-to-masterclass mapping; semester-wise roadmap with foundational/intermediate/advanced mix; readiness package per class (prerequisites, glossary, outcomes, instructor discussion guides); delivered-topics registry; upfront objective/difficulty comms; feedback-and-engagement-driven optimization.",Pending
ISS-080,MRV,Malla Reddy Vishwavidyapeeth,"MRV, Aurora",Learning Design,Content&Curriculum,Masterclass Alignment Framework,"Master Classes: New terminology, fast high-standard delivery unlike regular sessions",Masterclasses are designed as industry exposure sessions delivered by external practitioners working on cutting-edge technologies. Students reported difficulty understanding unfamiliar terminology and concepts due to the advanced nature of the topics and the pace of industry-oriented discussions.,"Lead-authored framework: curriculum-to-masterclass mapping; semester-wise roadmap with foundational/intermediate/advanced mix; readiness package per class (prerequisites, glossary, outcomes, instructor discussion guides); delivered-topics registry; upfront objective/difficulty comms; feedback-and-engagement-driven optimization.",Pending
ISS-080,Aurora,Aurora University,"MRV, Aurora",Learning Design,Content&Curriculum,Masterclass Alignment Framework,"Master Classes: New terminology, fast high-standard delivery unlike regular sessions",Masterclasses are designed as industry exposure sessions delivered by external practitioners working on cutting-edge technologies. Students reported difficulty understanding unfamiliar terminology and concepts due to the advanced nature of the topics and the pace of industry-oriented discussions.,"Lead-authored framework: curriculum-to-masterclass mapping; semester-wise roadmap with foundational/intermediate/advanced mix; readiness package per class (prerequisites, glossary, outcomes, instructor discussion guides); delivered-topics registry; upfront objective/difficulty comms; feedback-and-engagement-driven optimization.",Pending
ISS-078,CDU,Chaitanya Deemed-to-be University,CDU,Learning Design,Content&Curriculum,Automated Assessment Ecosystem & Profile Building,Master Classes: Kaggle assignment takes ~1 week to evaluate,"The assessment workflow for the initial masterclasses relied on manual evaluation of approximately 2,000 notebook submissions by the content team. The evaluation process was not designed to scale with the number of submissions, resulting in review backlogs and turnaround times of up to one week.","Lead-authored direction: migrate manual assignments to competition-based automated scoring; standardize masterclass assessment on automated platforms; long-term, build a Kaggle-like ecosystem (automated evaluation, leaderboards, feedback generation, observability) scoped together with Launchpad integration and GitHub profile push.",Pending
ISS-088,CDU,Chaitanya Deemed-to-be University,CDU,Learning Design - Learning Platform (Product),Learning Platform,Automated Assessment Ecosystem & Profile Building,New Feature: LeetCode-style competitive platform with points and leaderboard,"Feature gap. Launchpad already has leaderboard/DSA-sheet/CP-ladder primitives, but they were never integrated into the NIAT learning portal - product roadmaps for the two platforms are siloed.","Lead-authored direction: migrate manual assignments to competition-based automated scoring; standardize masterclass assessment on automated platforms; long-term, build a Kaggle-like ecosystem (automated evaluation, leaderboards, feedback generation, observability) scoped together with Launchpad integration and GitHub profile push.",Pending
ISS-096,CDU,Chaitanya Deemed-to-be University,CDU,Learning Design - Learning Platform (Product),Learning Platform,Automated Assessment Ecosystem & Profile Building,"New Feature: Launchpad-style leaderboard, DSA sheets, CP ladder, GitHub profile",Same Launchpad-portal integration gap as the LeetCode-platform request; capabilities exist in the ecosystem but aren't bridged.,"Lead-authored direction: migrate manual assignments to competition-based automated scoring; standardize masterclass assessment on automated platforms; long-term, build a Kaggle-like ecosystem (automated evaluation, leaderboards, feedback generation, observability) scoped together with Launchpad integration and GitHub profile push.",Pending
ISS-098,Aurora,Aurora University,Aurora,Learning Design - Learning Platform (Product),Learning Platform,Automated Assessment Ecosystem & Profile Building,New Feature: Push code snippets to GitHub for student profiles,"Feature gap: portal coding work is trapped inside the platform with no export/integration path to professional profiles, leaving employability signal unbuilt.","Lead-authored direction: migrate manual assignments to competition-based automated scoring; standardize masterclass assessment on automated platforms; long-term, build a Kaggle-like ecosystem (automated evaluation, leaderboards, feedback generation, observability) scoped together with Launchpad integration and GitHub profile push.",Pending
ISS-010,Aurora,Aurora University,Aurora,Program Ops Layer,Content&Curriculum,Study Tools & Platform UX Roadmap,Curriculum Design: Need AI Tutor and new learning feature walkthrough sessions,Platform ships features without an adoption loop. No standing process exists to convert feature releases into student-facing walkthrough sessions or in-portal announcements.,"One prioritized roadmap: platform learning assistant; study tools (flashcards, summaries, audio/podcast mode); UX fixes (quiz topic metadata, split view, dark theme, consolidated notes, IDE code reuse); in-product changelog and feature adoption comms.",Pending
ISS-091,CDU,Chaitanya Deemed-to-be University,CDU,Learning Design - Learning Platform (Product),Learning Platform,Study Tools & Platform UX Roadmap,New Feature: NotebookLM-style mind-mapping/summaries for exam prep,"Feature gap. Students are exporting content to external AI tools, signalling demand for in-portal study tooling. No study-tools workstream on the platform roadmap.","One prioritized roadmap: platform learning assistant; study tools (flashcards, summaries, audio/podcast mode); UX fixes (quiz topic metadata, split view, dark theme, consolidated notes, IDE code reuse); in-product changelog and feature adoption comms.",Pending
ISS-093,CDU,Chaitanya Deemed-to-be University,"CDU, MRV",Learning Design - Learning Platform (Product),Learning Platform,Study Tools & Platform UX Roadmap,Module quiz topic coverage not visible in timetable view,"Quiz metadata (topic scope) exists but isn't surfaced in the timetable card UI. Small UX gap, raised repeatedly across campuses.","One prioritized roadmap: platform learning assistant; study tools (flashcards, summaries, audio/podcast mode); UX fixes (quiz topic metadata, split view, dark theme, consolidated notes, IDE code reuse); in-product changelog and feature adoption comms.",Pending
ISS-093,MRV,Malla Reddy Vishwavidyapeeth,"CDU, MRV",Learning Design - Learning Platform (Product),Learning Platform,Study Tools & Platform UX Roadmap,Module quiz topic coverage not visible in timetable view,"Quiz metadata (topic scope) exists but isn't surfaced in the timetable card UI. Small UX gap, raised repeatedly across campuses.","One prioritized roadmap: platform learning assistant; study tools (flashcards, summaries, audio/podcast mode); UX fixes (quiz topic metadata, split view, dark theme, consolidated notes, IDE code reuse); in-product changelog and feature adoption comms.",Pending
ISS-097,CDU,Chaitanya Deemed-to-be University,CDU,Learning Design - Learning Platform (Product),Learning Platform,Study Tools & Platform UX Roadmap,New Feature: Platform-wide learning assistant/copilot; students using Leo as workaround,No platform-level AI assistant despite AI Tutor existing at course level. Students adopting external assistants (Leo) shows the demand and the risk: third-party tools answering practice MCQs blurs into the integrity issue.,"One prioritized roadmap: platform learning assistant; study tools (flashcards, summaries, audio/podcast mode); UX fixes (quiz topic metadata, split view, dark theme, consolidated notes, IDE code reuse); in-product changelog and feature adoption comms.",Pending
ISS-099,Aurora,Aurora University,Aurora,Learning Design - Learning Platform (Product),Learning Platform,Study Tools & Platform UX Roadmap,New Feature: Single place for portal feature updates,No in-product changelog or announcement surface. Same release-communication gap that drives the 'need feature walkthrough sessions' issue.,"One prioritized roadmap: platform learning assistant; study tools (flashcards, summaries, audio/podcast mode); UX fixes (quiz topic metadata, split view, dark theme, consolidated notes, IDE code reuse); in-product changelog and feature adoption comms.",Pending
ISS-101,Aurora,Aurora University,Aurora,Learning Design - Learning Platform (Product),Learning Platform,Study Tools & Platform UX Roadmap,New Feature: Video learning and coding simultaneously,Player and IDE are separate full-screen surfaces; no split-view/picture-in-picture mode. UX architecture gap for code-along learning.,"One prioritized roadmap: platform learning assistant; study tools (flashcards, summaries, audio/podcast mode); UX fixes (quiz topic metadata, split view, dark theme, consolidated notes, IDE code reuse); in-product changelog and feature adoption comms.",Pending
ISS-102,Aurora,Aurora University,Aurora,Learning Design - Learning Platform (Product),Learning Platform,Study Tools & Platform UX Roadmap,New Feature: Flashcards for exam prep,Same in-portal study-tools gap; students self-serve with external AI tools.,"One prioritized roadmap: platform learning assistant; study tools (flashcards, summaries, audio/podcast mode); UX fixes (quiz topic metadata, split view, dark theme, consolidated notes, IDE code reuse); in-product changelog and feature adoption comms.",Pending
ISS-103,Aurora,Aurora University,Aurora,Learning Design - Learning Platform (Product),Learning Platform,Study Tools & Platform UX Roadmap,New Feature: Reading material as audio/podcast,Content exists only as static text; no audio rendering pipeline. Modality gap in the content delivery layer.,"One prioritized roadmap: platform learning assistant; study tools (flashcards, summaries, audio/podcast mode); UX fixes (quiz topic metadata, split view, dark theme, consolidated notes, IDE code reuse); in-product changelog and feature adoption comms.",Pending
ISS-105,Aurora,Aurora University,Aurora,Learning Design - Learning Platform (Product),Learning Platform,Study Tools & Platform UX Roadmap,New Feature: Dark theme platform-wide,"Theming gap; design system likely lacks dark tokens across all modules, so it was deferred.","One prioritized roadmap: platform learning assistant; study tools (flashcards, summaries, audio/podcast mode); UX fixes (quiz topic metadata, split view, dark theme, consolidated notes, IDE code reuse); in-product changelog and feature adoption comms.",Pending
ISS-106,Aurora,Aurora University,Aurora,Learning Design - Learning Platform (Product),Learning Platform,Study Tools & Platform UX Roadmap,New Feature: Consolidated view of session understanding notes,Notes are captured per-session but no aggregated view exists. Data model supports it; UI surface was never built.,"One prioritized roadmap: platform learning assistant; study tools (flashcards, summaries, audio/podcast mode); UX fixes (quiz topic metadata, split view, dark theme, consolidated notes, IDE code reuse); in-product changelog and feature adoption comms.",Pending
ISS-107,CDU,Chaitanya Deemed-to-be University,CDU,Learning Design - Learning Platform (Product),Learning Platform,Study Tools & Platform UX Roadmap,React IDE: Copy/reuse code between questions; side-by-side question preview,"IDE workspace is scoped to a single question with no cross-question access or side-by-side reference panel. IDE UX designed for isolated assessment, not learning workflows where reuse is legitimate.","One prioritized roadmap: platform learning assistant; study tools (flashcards, summaries, audio/podcast mode); UX fixes (quiz topic metadata, split view, dark theme, consolidated notes, IDE code reuse); in-product changelog and feature adoption comms.",Pending
ISS-017,Aurora,Aurora University,Aurora,Academic Planning Layer,Content&Curriculum,University Partnership & Policy Decisions,Curriculum Design: Mandatory subjects allocated maximum timings on portal,"BOS/AICTE-mandated subjects carry fixed hour requirements. The plan allocated them maximum time by default rather than negotiating minimum-compliant hours, squeezing skill courses.",Per-university negotiation agenda: minimum-compliant AICTE hour allocation; explicit decision on portal coverage for university-delivered subjects; college ID issuance to unlock education tiers for coding-agent tools; credit weight for aptitude.,Pending
ISS-039,MRV,Malla Reddy Vishwavidyapeeth,MRV,Learning Design Layer,Content&Curriculum,University Partnership & Policy Decisions,GenAI: Coding agents introduced but no sessions given (paid tokens blocked),"Paid Tokens & Credits Unavailability All of these tools need paid tokens to run Ideal solution: If student has college mail id, they can get free subscriptions, and use them temporarily MRV students dont have college ids issued.",Per-university negotiation agenda: minimum-compliant AICTE hour allocation; explicit decision on portal coverage for university-delivered subjects; college ID issuance to unlock education tiers for coding-agent tools; credit weight for aptitude.,Pending
ISS-063,Aurora,Aurora University,Aurora,Learning Design Layer,Content&Curriculum,University Partnership & Policy Decisions,Aptitude: Not taken seriously because it carries no marks,"Assessment policy assigns aptitude zero credit weight. Students optimize for marks; an unweighted track is rationally ignored. Incentive design problem, not content problem.",Per-university negotiation agenda: minimum-compliant AICTE hour allocation; explicit decision on portal coverage for university-delivered subjects; college ID issuance to unlock education tiers for coding-agent tools; credit weight for aptitude.,Pending
ISS-082,Aurora,Aurora University,Aurora,BOS Layer,Content&Curriculum,University Partnership & Policy Decisions,University Subjects: Want portal content for AICTE subjects; 3D modelling sessions; instructor support,"University-delivered AICTE subjects sit outside NxtWave's content scope by the partnership agreement. Students experience one portal but two content owners; the scope boundary was never communicated, and no decision exists on whether to extend portal coverage.",Per-university negotiation agenda: minimum-compliant AICTE hour allocation; explicit decision on portal coverage for university-delivered subjects; college ID issuance to unlock education tiers for coding-agent tools; credit weight for aptitude.,Pending
